<application>
  <component name="VSTSSettings">
    <option name="serverContexts">
      <array>
        <ServerContextState>
          <option name="type" value="VSO" />
          <option name="uri" value="https://dev.azure.com/anovateam" />
          <option name="serverUri" value="https://dev.azure.com/anovateam" />
          <option name="userId" value="170f5e7f-9673-68af-82a4-24198b83ccf6" />
          <option name="teamProjectCollectionReference" value="{&quot;id&quot;:null,&quot;name&quot;:null,&quot;url&quot;:null}" />
          <option name="teamProjectReference" value="{&quot;abbreviation&quot;:null,&quot;description&quot;:null,&quot;id&quot;:null,&quot;name&quot;:null,&quot;revision&quot;:0,&quot;state&quot;:null,&quot;url&quot;:null}" />
        </ServerContextState>
      </array>
    </option>
    <option name="properties">
      <array>
        <PropertyState>
          <option name="name" value="tfHome" />
          <option name="value" value="" />
        </PropertyState>
        <PropertyState>
          <option name="name" value="repoRoot" />
          <option name="value" value="/opt/projects/mindera/anova/repos" />
        </PropertyState>
        <PropertyState>
          <option name="name" value="authType" />
          <option name="value" value="DEVICE_FLOW" />
        </PropertyState>
      </array>
    </option>
  </component>
</application>